images/0001.jpg,76,19,216,222,head
images/0001.jpg,102,27,133,105,ear
images/0001.jpg,267,158,315,321,leg
images/0001.jpg,470,107,519,278,leg
images/0001.jpg,405,149,471,241,leg
images/0001.jpg,250,177,286,271,leg
images/0001.jpg,93,133,112,157,eye
images/0001.jpg,102,176,168,217,nose
images/0002.jpg,33,297,226,665,leg
images/0002.jpg,780,1,1022,305,head
images/0002.jpg,555,332,644,664,leg
images/0002.jpg,151,325,268,664,leg
images/0002.jpg,900,73,945,105,eye
images/0002.jpg,941,158,1020,280,nose
images/0003.jpg,516,348,596,660,tail
images/0003.jpg,239,5,515,321,head
images/0003.jpg,241,3,369,62,ear
images/0003.jpg,444,5,525,46,ear
images/0003.jpg,29,111,115,256,ear
images/0003.jpg,170,114,313,262,ear
images/0003.jpg,42,102,316,591,head
images/0003.jpg,84,316,127,378,eye
images/0003.jpg,210,322,234,367,eye
images/0003.jpg,354,101,388,143,eye
images/0003.jpg,458,103,488,150,eye
images/0003.jpg,121,447,216,595,nose
images/0003.jpg,370,204,455,319,nose
images/0004.jpg,53,614,115,881,leg
images/0004.jpg,290,645,359,885,leg
images/0004.jpg,205,650,267,888,leg
images/0004.jpg,433,650,494,858,leg
images/0004.jpg,506,672,567,874,leg
images/0004.jpg,558,623,589,840,leg
images/0004.jpg,479,659,522,867,leg
images/0004.jpg,919,614,964,809,leg
images/0004.jpg,867,623,912,818,leg
images/0004.jpg,1176,639,1212,813,leg
images/0004.jpg,1124,636,1160,810,leg
images/0004.jpg,503,317,620,592,head
images/0004.jpg,259,379,376,666,head
images/0004.jpg,892,361,986,605,head
images/0004.jpg,1123,379,1216,613,head
images/0004.jpg,322,388,371,479,ear
images/0004.jpg,265,382,314,473,ear
images/0004.jpg,575,317,614,407,ear
images/0004.jpg,509,320,548,410,ear
images/0004.jpg,901,362,935,443,ear
images/0004.jpg,1181,385,1209,452,ear
images/0004.jpg,952,361,986,442,ear
images/0004.jpg,1130,385,1158,452,ear
images/0004.jpg,346,515,368,542,eye
images/0004.jpg,283,508,298,539,eye
images/0004.jpg,520,448,542,475,eye
images/0004.jpg,584,450,606,477,eye
images/0004.jpg,906,468,928,495,eye
images/0004.jpg,1131,485,1153,512,eye
images/0004.jpg,964,467,986,494,eye
images/0004.jpg,1188,486,1210,513,eye
images/0004.jpg,290,583,356,664,nose
images/0004.jpg,548,518,597,584,nose
images/0004.jpg,1145,538,1194,609,nose
images/0004.jpg,930,529,973,593,nose
images/0005.jpg,47,250,91,386,leg
images/0005.jpg,279,218,330,375,leg
images/0005.jpg,68,244,124,387,leg
images/0005.jpg,498,323,523,381,leg
images/0005.jpg,467,326,492,384,leg
images/0005.jpg,534,308,575,380,leg
images/0005.jpg,356,36,444,212,head
images/0005.jpg,437,242,488,320,head
images/0005.jpg,63,149,96,284,tail
images/0005.jpg,363,47,404,106,ear
images/0005.jpg,394,44,425,101,ear
images/0005.jpg,454,241,485,276,ear
images/0005.jpg,398,151,443,213,nose
images/0005.jpg,439,302,452,318,nose
images/0005.jpg,440,283,455,293,eye
images/0005.jpg,402,122,420,135,eye
images/0006.jpg,587,11,832,587,head
images/0006.jpg,663,415,778,580,nose
images/0006.jpg,610,269,661,349,eye
images/0006.jpg,757,264,808,344,eye
images/0006.jpg,590,5,677,183,ear
images/0006.jpg,726,5,813,183,ear
images/0006.jpg,819,605,931,802,leg
images/0006.jpg,958,637,1070,803,leg
images/0006.jpg,1268,512,1380,798,leg
images/0007.jpg,295,27,546,643,head
images/0007.jpg,355,489,468,648,nose
images/0007.jpg,335,344,376,404,eye
images/0007.jpg,468,339,509,399,eye
images/0007.jpg,477,35,566,276,ear
images/0007.jpg,314,44,403,285,ear
images/0007.jpg,11,503,116,702,leg
images/0008.jpg,127,122,159,151,eye
images/0008.jpg,85,179,138,247,nose
images/0008.jpg,57,17,119,80,ear
images/0008.jpg,132,11,171,93,ear
images/0008.jpg,239,228,276,376,leg
images/0008.jpg,258,225,295,394,leg
images/0008.jpg,413,190,469,347,leg
images/0008.jpg,472,163,503,367,leg
images/0008.jpg,491,157,521,274,tail
images/0009.jpg,536,100,715,456,head
images/0009.jpg,552,103,611,229,ear
images/0009.jpg,636,107,714,205,ear
images/0009.jpg,558,262,599,305,eye
images/0009.jpg,651,257,679,300,eye
images/0009.jpg,586,331,670,447,nose
images/0009.jpg,111,328,158,457,tail
images/0009.jpg,153,375,194,616,leg
images/0009.jpg,184,369,260,608,leg
images/0009.jpg,384,411,437,652,leg
images/0010.jpg,16,12,260,291,head
images/0010.jpg,21,14,103,94,ear
images/0010.jpg,151,25,260,102,ear
images/0010.jpg,65,125,90,154,eye
images/0010.jpg,128,127,164,162,eye
images/0010.jpg,74,193,140,284,nose
images/0010.jpg,693,179,741,290,tail
images/0010.jpg,262,284,339,559,leg
images/0010.jpg,596,289,679,564,leg
images/0010.jpg,638,313,697,550,leg
images/0011.jpg,31,467,238,586,tail
images/0011.jpg,26,571,176,831,leg
images/0011.jpg,668,46,818,304,ear
images/0011.jpg,502,308,644,399,ear
images/0011.jpg,889,3,1045,305,ear
images/0011.jpg,1090,334,1270,434,ear
images/0011.jpg,1342,308,1454,381,ear
images/0011.jpg,583,379,634,443,eye
images/0011.jpg,722,380,764,431,eye
images/0011.jpg,763,394,800,436,eye
images/0011.jpg,913,372,950,414,eye
images/0011.jpg,1327,446,1387,488,eye
images/0011.jpg,771,580,910,726,nose
images/0011.jpg,621,515,747,646,nose
images/0011.jpg,1395,545,1540,699,nose
images/0011.jpg,614,674,674,890,leg
images/0011.jpg,799,729,856,893,leg
images/0011.jpg,695,674,755,890,leg
images/0011.jpg,900,702,957,889,leg
images/0011.jpg,1020,652,1057,774,leg
images/0011.jpg,1067,676,1118,891,leg
images/0011.jpg,1139,651,1208,896,leg
images/0012.jpg,221,256,289,652,tail
images/0012.jpg,820,9,985,349,head
images/0012.jpg,895,249,978,346,nose
images/0012.jpg,847,155,883,192,eye
images/0012.jpg,939,140,975,177,eye
images/0012.jpg,831,5,883,100,ear
images/0012.jpg,831,5,883,100,ear
images/0012.jpg,193,456,286,792,leg
images/0012.jpg,336,463,483,794,leg
images/0012.jpg,629,520,672,689,leg
images/0012.jpg,675,451,767,724,leg
images/0013.jpg,115,32,166,122,head
images/0013.jpg,137,86,162,103,nose
images/0013.jpg,133,70,142,80,eye
images/0013.jpg,153,69,162,79,eye
images/0013.jpg,116,34,137,63,ear
images/0013.jpg,146,34,167,63,ear
images/0013.jpg,75,104,87,142,leg
images/0013.jpg,87,110,98,139,leg
images/0013.jpg,104,115,120,165,leg
images/0014.jpg,263,464,369,748,tail
images/0014.jpg,970,82,1058,249,ear
images/0014.jpg,1068,76,1156,243,ear
images/0014.jpg,1029,300,1088,355,eye
images/0014.jpg,1040,415,1171,527,nose
images/0014.jpg,302,623,439,1085,leg
images/0014.jpg,400,625,527,1062,leg
images/0014.jpg,762,502,979,710,leg
images/0014.jpg,935,476,1060,699,leg
images/0014.jpg,956,74,1158,531,head
images/0015.jpg,177,147,332,427,head
images/0015.jpg,829,312,930,579,tail
images/0015.jpg,428,433,489,706,leg
images/0015.jpg,708,404,821,703,leg
images/0015.jpg,265,149,324,250,ear
images/0015.jpg,180,149,239,250,ear
images/0015.jpg,265,281,290,312,eye
images/0015.jpg,197,278,222,309,eye
images/0015.jpg,215,348,268,421,nose
images/0016.jpg,47,182,189,436,head
images/0016.jpg,314,232,406,454,leg
images/0016.jpg,229,236,315,439,leg
images/0016.jpg,546,232,620,450,leg
images/0016.jpg,592,231,666,449,leg
images/0016.jpg,653,127,693,391,tail
images/0016.jpg,67,215,130,293,ear
images/0016.jpg,45,187,102,259,ear
images/0016.jpg,89,314,129,351,eye
images/0016.jpg,71,380,153,431,nose
images/0017.jpg,386,173,469,257,ear
images/0017.jpg,499,163,609,232,ear
images/0017.jpg,580,116,684,241,ear
images/0017.jpg,464,286,518,332,eye
images/0017.jpg,613,316,656,355,eye
images/0017.jpg,393,118,589,503,head
images/0017.jpg,591,117,764,504,head
images/0017.jpg,504,384,588,484,nose
images/0017.jpg,594,412,678,512,nose
images/0017.jpg,1040,258,1155,613,leg
images/0017.jpg,998,272,1067,605,leg
images/0017.jpg,104,233,202,566,leg
images/0018.jpg,19,72,33,132,tail
images/0018.jpg,115,92,140,169,leg
images/0018.jpg,25,111,51,180,leg
images/0018.jpg,188,91,198,154,leg
images/0018.jpg,202,91,212,154,leg
images/0018.jpg,221,70,237,86,nose
images/0018.jpg,179,79,196,96,nose
images/0018.jpg,174,18,194,41,ear
images/0018.jpg,189,19,207,42,ear
images/0018.jpg,212,18,226,41,ear
images/0018.jpg,224,21,238,41,ear
images/0018.jpg,166,18,205,101,head
images/0018.jpg,207,18,240,86,head
images/0018.jpg,175,55,188,64,eye
images/0018.jpg,216,49,223,58,eye
images/0019.jpg,166,12,208,79,head
images/0019.jpg,183,14,208,40,ear
images/0019.jpg,166,11,183,37,ear
images/0019.jpg,183,44,190,51,eye
images/0019.jpg,170,59,182,79,nose
images/0019.jpg,202,89,216,157,leg
images/0019.jpg,187,88,204,152,leg
images/0019.jpg,228,82,240,139,leg
images/0019.jpg,244,70,256,135,leg
images/0020.jpg,112,20,157,95,head
images/0020.jpg,220,76,234,158,leg
images/0020.jpg,208,91,216,157,leg
images/0020.jpg,171,88,189,163,leg
images/0020.jpg,153,88,171,163,leg
images/0020.jpg,66,116,79,164,leg
images/0020.jpg,82,117,95,165,leg
images/0020.jpg,100,124,114,167,leg
images/0020.jpg,132,54,141,63,eye
images/0020.jpg,114,53,123,62,eye
images/0020.jpg,120,76,135,91,nose
images/0020.jpg,132,19,156,43,ear
images/0020.jpg,111,19,123,43,ear
images/0020.jpg,105,79,114,98,ear
images/0021.jpg,76,104,102,161,tail
images/0021.jpg,184,106,213,141,nose
images/0021.jpg,199,73,222,86,eye
images/0021.jpg,209,2,235,53,ear
images/0021.jpg,207,23,224,54,ear
images/0021.jpg,184,3,252,140,head
images/0022.jpg,380,42,478,275,head
images/0022.jpg,404,218,449,269,nose
images/0022.jpg,395,157,414,178,eye
images/0022.jpg,440,163,457,181,eye
images/0022.jpg,391,43,428,136,ear
images/0022.jpg,433,56,480,139,ear
images/0022.jpg,288,278,336,460,leg
images/0022.jpg,168,281,208,415,leg
images/0022.jpg,138,270,185,421,leg
images/0022.jpg,138,270,185,421,leg
images/0023.jpg,41,42,261,468,head
images/0023.jpg,128,243,193,294,eye
images/0023.jpg,66,358,162,454,nose
images/0023.jpg,157,51,211,189,ear
images/0023.jpg,39,41,132,161,ear
images/0023.jpg,400,461,519,809,leg
images/0023.jpg,937,569,1042,810,leg
images/0023.jpg,1006,502,1132,825,leg
images/0024.jpg,985,327,1144,583,tail
images/0024.jpg,317,116,529,313,head
images/0024.jpg,445,117,530,190,ear
images/0024.jpg,399,171,431,202,eye
images/0024.jpg,312,188,367,296,nose
images/0024.jpg,532,445,627,782,leg
images/0024.jpg,868,519,975,774,leg
images/0024.jpg,869,433,1045,773,leg
images/0025.jpg,1267,745,1465,1097,tail
images/0025.jpg,118,231,450,771,head
images/0025.jpg,239,496,321,568,eye
images/0025.jpg,118,619,239,758,nose
images/0025.jpg,370,285,447,480,ear
images/0025.jpg,301,242,412,422,ear
images/0025.jpg,406,923,720,1424,leg
images/0025.jpg,612,982,730,1383,leg
images/0025.jpg,1020,938,1220,1421,leg
images/0025.jpg,1157,948,1301,1359,leg
images/0026.jpg,357,151,386,280,tail
images/0026.jpg,15,65,115,242,head
images/0026.jpg,503,166,635,403,head
images/0026.jpg,34,69,69,118,ear
images/0026.jpg,73,82,108,145,ear
images/0026.jpg,525,185,560,248,ear
images/0026.jpg,577,171,629,243,ear
images/0026.jpg,545,302,576,321,eye
images/0026.jpg,31,164,56,183,eye
images/0026.jpg,10,201,39,241,nose
images/0026.jpg,549,348,608,406,nose
images/0026.jpg,179,255,226,415,leg
images/0026.jpg,134,271,177,398,leg
images/0026.jpg,274,223,343,419,leg
images/0026.jpg,461,236,487,340,leg
images/0026.jpg,421,225,477,403,leg
images/0027.jpg,363,113,428,240,head
images/0027.jpg,126,211,157,308,tail
images/0027.jpg,153,245,196,374,leg
images/0027.jpg,295,253,323,370,leg
images/0027.jpg,316,249,335,366,leg
images/0027.jpg,383,201,409,236,nose
images/0027.jpg,373,167,389,180,eye
images/0027.jpg,402,169,414,182,eye
images/0027.jpg,370,113,390,149,ear
images/0027.jpg,404,119,430,156,ear
images/0028.jpg,1373,151,1528,402,head
images/0028.jpg,810,73,990,349,head
images/0028.jpg,590,27,759,313,head
images/0028.jpg,152,41,294,345,head
images/0028.jpg,1375,334,1432,391,nose
images/0028.jpg,829,288,886,345,nose
images/0028.jpg,610,254,667,311,nose
images/0028.jpg,178,271,235,328,nose
images/0028.jpg,893,232,920,255,eye
images/0028.jpg,1429,263,1470,302,eye
images/0028.jpg,673,193,714,216,eye
images/0028.jpg,227,210,254,233,eye
images/0028.jpg,160,198,192,222,eye
images/0028.jpg,1243,388,1301,521,tail
images/0028.jpg,156,48,202,152,ear
images/0028.jpg,225,52,282,156,ear
images/0028.jpg,597,33,672,154,ear
images/0028.jpg,682,28,736,149,ear
images/0028.jpg,812,74,887,195,ear
images/0028.jpg,901,73,968,194,ear
images/0028.jpg,1464,156,1518,235,ear
images/0028.jpg,177,454,240,761,leg
images/0028.jpg,238,457,286,764,leg
images/0028.jpg,290,461,361,732,leg
images/0028.jpg,365,443,415,744,leg
images/0028.jpg,419,385,498,743,leg
images/0028.jpg,499,408,592,730,leg
images/0028.jpg,593,428,655,766,leg
images/0028.jpg,655,414,768,748,leg
images/0028.jpg,866,438,973,765,leg
images/0028.jpg,973,452,1037,764,leg
images/0028.jpg,1108,425,1230,752,leg
images/0028.jpg,1200,438,1303,750,leg
images/0028.jpg,1858,457,1951,728,leg
images/0028.jpg,1634,482,1693,750,leg
images/0028.jpg,1602,463,1661,731,leg
images/0029.jpg,54,137,129,264,head
images/0029.jpg,718,174,789,274,head
images/0029.jpg,438,219,497,352,tail
images/0029.jpg,337,227,360,306,tail
images/0029.jpg,60,224,95,260,nose
images/0029.jpg,761,246,794,277,nose
images/0029.jpg,82,193,100,214,eye
images/0029.jpg,760,211,778,232,eye
images/0029.jpg,76,135,101,177,ear
images/0029.jpg,55,134,81,178,ear
images/0029.jpg,730,170,750,205,ear
images/0029.jpg,149,277,192,406,leg
images/0029.jpg,175,283,199,402,leg
images/0029.jpg,281,281,316,402,leg
images/0029.jpg,314,280,346,400,leg
images/0029.jpg,488,279,532,400,leg
images/0029.jpg,639,287,672,401,leg
images/0029.jpg,621,287,644,391,leg
images/0030.jpg,165,23,454,573,head
images/0030.jpg,283,444,431,571,nose
images/0030.jpg,265,276,318,330,eye
images/0030.jpg,221,37,351,203,ear
images/0030.jpg,319,49,449,199,ear
images/0031.jpg,417,5,911,810,head
images/0031.jpg,586,586,818,804,nose
images/0031.jpg,744,269,813,343,eye
images/0031.jpg,547,365,593,401,eye
images/0031.jpg,684,11,823,211,ear
images/0031.jpg,415,5,619,289,ear
images/0032.jpg,50,1,177,167,head
images/0032.jpg,134,122,175,166,nose
images/0032.jpg,104,57,124,73,eye
images/0032.jpg,161,55,175,71,eye
images/0032.jpg,51,1,114,42,ear
images/0032.jpg,140,1,177,33,ear
images/0033.jpg,425,9,722,560,head
images/0033.jpg,453,441,574,556,nose
images/0033.jpg,580,261,633,329,eye
images/0033.jpg,457,259,490,314,eye
images/0033.jpg,608,11,723,208,ear
images/0033.jpg,420,7,539,187,ear
images/0034.jpg,61,10,154,227,head
images/0034.jpg,82,180,130,226,nose
images/0034.jpg,71,113,90,130,eye
images/0034.jpg,131,112,150,129,eye
images/0034.jpg,64,13,101,87,ear
images/0034.jpg,120,10,152,84,ear
images/0035.jpg,592,85,985,582,head
images/0035.jpg,811,292,878,345,eye
images/0035.jpg,849,463,981,582,nose
images/0035.jpg,591,147,788,254,ear
images/0035.jpg,879,89,960,169,ear
images/0035.jpg,461,39,549,95,tail
images/0035.jpg,505,464,589,797,leg
images/0035.jpg,288,381,365,677,leg
images/0035.jpg,597,529,674,796,leg
images/0036.jpg,511,4,739,437,head
images/0036.jpg,576,215,615,254,eye
images/0036.jpg,676,215,711,254,eye
images/0036.jpg,611,352,695,437,nose
images/0036.jpg,515,5,606,148,ear
images/0036.jpg,659,4,739,143,ear
images/0036.jpg,455,436,528,753,leg
images/0036.jpg,335,432,446,772,leg
images/0036.jpg,225,367,301,707,leg
images/0036.jpg,276,389,329,680,leg
images/0037.jpg,35,16,121,149,head
images/0037.jpg,118,15,186,147,head
images/0037.jpg,186,1,269,147,head
images/0037.jpg,75,100,114,147,nose
images/0037.jpg,147,95,186,142,nose
images/0037.jpg,226,101,265,148,nose
images/0037.jpg,59,68,77,84,eye
images/0037.jpg,102,67,116,83,eye
images/0037.jpg,132,74,143,89,eye
images/0037.jpg,172,70,181,83,eye
images/0037.jpg,211,64,220,75,eye
images/0037.jpg,252,61,261,69,eye
images/0037.jpg,36,17,72,46,ear
images/0037.jpg,94,22,115,46,ear
images/0037.jpg,117,19,138,46,ear
images/0037.jpg,157,7,178,47,ear
images/0037.jpg,186,2,219,46,ear
images/0037.jpg,236,1,269,47,ear
images/0038.jpg,737,51,900,451,head
images/0038.jpg,97,3,270,348,head
images/0038.jpg,748,224,776,261,eye
images/0038.jpg,843,232,871,265,eye
images/0038.jpg,151,163,195,196,eye
images/0038.jpg,759,349,842,441,nose
images/0038.jpg,111,260,194,340,nose
images/0038.jpg,739,59,794,171,ear
images/0038.jpg,844,63,899,175,ear
images/0038.jpg,172,7,227,123,ear
images/0038.jpg,99,3,162,108,ear
images/0038.jpg,344,335,412,584,leg
images/0038.jpg,515,321,596,517,leg
images/0038.jpg,611,261,663,518,leg
images/0038.jpg,641,248,673,368,tail
images/0038.jpg,803,488,863,727,leg
images/0038.jpg,868,499,919,740,leg
images/0038.jpg,963,464,1034,616,leg
images/0038.jpg,1053,417,1110,624,leg
images/0039.jpg,456,125,567,392,head
images/0039.jpg,104,307,169,454,head
images/0039.jpg,501,313,558,386,nose
images/0039.jpg,129,412,158,447,nose
images/0039.jpg,477,257,504,282,eye
images/0039.jpg,543,249,559,276,eye
images/0039.jpg,152,375,165,394,eye
images/0039.jpg,122,377,133,393,eye
images/0039.jpg,105,312,135,355,ear
images/0039.jpg,144,309,166,352,ear
images/0039.jpg,461,132,500,233,ear
images/0039.jpg,516,125,567,222,ear
images/0039.jpg,501,422,552,621,leg
images/0039.jpg,584,401,631,524,leg
images/0039.jpg,648,351,682,513,leg
images/0039.jpg,183,427,226,529,leg
images/0039.jpg,241,400,274,476,leg
images/0039.jpg,283,367,318,461,leg
images/0039.jpg,185,425,241,498,leg
images/0040.jpg,1038,283,1126,593,tail
images/0040.jpg,266,432,468,780,head
images/0040.jpg,317,712,417,782,nose
images/0040.jpg,320,614,375,657,eye
images/0040.jpg,269,453,353,558,ear
images/0040.jpg,297,438,343,490,ear
images/0040.jpg,607,544,684,728,leg
images/0040.jpg,548,544,625,739,leg
images/0040.jpg,898,432,1059,662,leg
images/0041.jpg,713,57,1075,867,head
images/0041.jpg,724,692,907,858,nose
images/0041.jpg,898,417,997,498,eye
images/0041.jpg,735,409,787,490,eye
images/0041.jpg,718,55,846,256,ear
images/0041.jpg,945,63,1051,282,ear
images/0042.jpg,1772,59,1894,372,ear
images/0042.jpg,1557,135,1715,394,ear
images/0042.jpg,1005,647,1118,861,ear
images/0042.jpg,1150,651,1240,865,ear
images/0042.jpg,582,397,704,645,ear
images/0042.jpg,322,397,491,629,ear
images/0042.jpg,383,710,448,791,eye
images/0042.jpg,588,715,653,796,eye
images/0042.jpg,1059,924,1106,994,eye
images/0042.jpg,1197,917,1244,978,eye
images/0042.jpg,1636,527,1710,595,eye
images/0042.jpg,1877,464,1951,532,eye
images/0042.jpg,1758,751,1972,999,nose
images/0042.jpg,1091,1102,1233,1246,nose
images/0042.jpg,390,933,582,1131,nose
images/0042.jpg,711,1308,786,1448,tail
images/0042.jpg,1008,645,1242,1245,head
images/0042.jpg,325,406,697,1123,head
images/0042.jpg,1548,65,1976,987,head
images/0043.jpg,942,123,1234,656,ear
images/0043.jpg,549,56,768,527,ear
images/0043.jpg,891,768,1048,925,eye
images/0043.jpg,555,706,690,863,eye
images/0043.jpg,555,1004,880,1385,nose
images/0043.jpg,1284,1974,1626,3280,leg
images/0043.jpg,1015,2035,1307,3229,leg
images/0043.jpg,2394,1839,2848,3022,leg
images/0043.jpg,2562,1654,3022,3089,leg
images/0043.jpg,533,39,1217,1413,head
images/0044.jpg,1177,371,1248,490,nose
images/0044.jpg,1136,265,1191,309,eye
images/0044.jpg,1099,97,1195,232,ear
images/0044.jpg,1133,120,1202,243,ear
images/0044.jpg,747,512,839,744,leg
images/0044.jpg,804,548,864,747,leg
images/0044.jpg,329,458,424,742,leg
images/0044.jpg,253,541,354,745,leg
images/0044.jpg,256,392,341,683,tail
images/0044.jpg,1048,89,1243,484,head
images/0045.jpg,5,681,125,1051,tail
images/0045.jpg,1145,375,1453,885,head
images/0045.jpg,830,1003,1030,1431,leg
images/0045.jpg,623,974,839,1443,leg
images/0045.jpg,204,890,411,1446,leg
images/0045.jpg,111,892,250,1448,leg
images/0045.jpg,1313,729,1448,883,nose
images/0045.jpg,1270,608,1357,671,eye
images/0045.jpg,1224,382,1291,560,ear
images/0045.jpg,1289,378,1392,554,ear
images/0046.jpg,659,195,707,376,tail
images/0046.jpg,304,288,360,508,leg
images/0046.jpg,345,302,379,497,leg
images/0046.jpg,574,271,680,537,leg
images/0046.jpg,664,295,730,547,leg
images/0046.jpg,134,32,233,266,head
images/0046.jpg,132,200,187,263,nose
images/0046.jpg,171,141,199,169,eye
images/0046.jpg,167,35,213,115,ear
images/0046.jpg,150,32,185,111,ear
images/0047.jpg,517,138,552,263,tail
images/0047.jpg,446,206,514,407,leg
images/0047.jpg,222,226,293,429,leg
images/0047.jpg,165,240,224,410,leg
images/0047.jpg,4,8,144,253,head
images/0047.jpg,18,185,83,251,nose
images/0047.jpg,67,107,99,131,eye
images/0047.jpg,13,104,37,135,eye
images/0047.jpg,79,11,145,67,ear
images/0047.jpg,5,5,50,64,ear
images/0048.jpg,381,37,457,185,head
images/0048.jpg,147,193,180,268,tail
images/0048.jpg,175,235,225,360,leg
images/0048.jpg,313,228,354,344,leg
images/0048.jpg,414,145,451,184,nose
images/0048.jpg,440,105,452,122,eye
images/0048.jpg,388,43,416,88,ear
images/0048.jpg,428,37,450,82,ear
images/0049.jpg,665,74,919,578,head
images/0049.jpg,136,399,209,655,tail
images/0049.jpg,530,566,620,904,leg
images/0049.jpg,669,75,768,229,ear
images/0049.jpg,614,549,710,887,leg
images/0049.jpg,835,81,919,238,ear
images/0049.jpg,727,473,842,578,nose
images/0049.jpg,181,466,294,830,leg
images/0049.jpg,240,482,318,800,leg
images/0049.jpg,825,325,873,382,eye
images/0049.jpg,719,330,751,376,eye
images/0050.jpg,277,20,469,391,head
images/0050.jpg,305,304,381,384,nose
images/0050.jpg,383,195,415,242,eye
images/0050.jpg,289,199,322,239,eye
images/0050.jpg,388,23,471,132,ear
images/0050.jpg,273,36,337,141,ear
images/0050.jpg,983,307,1050,652,tail
images/0050.jpg,485,505,593,809,leg
images/0050.jpg,591,517,658,797,leg
images/0050.jpg,868,415,1031,798,leg
images/0051.jpg,441,13,528,225,head
images/0051.jpg,465,185,510,222,nose
images/0051.jpg,485,25,514,110,ear
images/0051.jpg,450,13,479,79,ear
images/0051.jpg,301,171,350,312,leg
images/0051.jpg,327,175,363,270,leg
images/0051.jpg,97,112,147,263,leg
images/0051.jpg,147,151,211,243,leg
images/0052.jpg,176,0,383,272,head
images/0052.jpg,178,147,278,272,nose
images/0052.jpg,255,73,307,105,eye
images/0052.jpg,314,4,350,53,ear
images/0052.jpg,559,427,646,675,leg
images/0052.jpg,919,370,1049,672,leg
images/0052.jpg,1021,367,1183,672,leg
images/0053.jpg,35,361,101,676,tail
images/0053.jpg,309,117,587,593,head
images/0053.jpg,411,492,512,590,nose
images/0053.jpg,392,323,425,359,eye
images/0053.jpg,502,333,535,369,eye
images/0053.jpg,97,4,383,316,head
images/0053.jpg,147,104,178,138,eye
images/0053.jpg,240,103,268,140,eye
images/0053.jpg,176,242,252,315,nose
images/0053.jpg,517,108,582,259,ear
images/0053.jpg,311,112,447,252,ear
images/0053.jpg,246,3,382,55,ear
images/0053.jpg,85,0,221,52,ear
images/0053.jpg,208,282,287,604,leg
images/0053.jpg,314,291,363,626,leg
images/0053.jpg,519,432,598,679,leg
images/0054.jpg,63,385,152,613,head
images/0054.jpg,295,359,384,593,head
images/0054.jpg,659,321,768,581,head
images/0054.jpg,905,376,1018,663,head
images/0054.jpg,79,557,139,610,nose
images/0054.jpg,308,541,354,592,nose
images/0054.jpg,685,529,731,580,nose
images/0054.jpg,931,603,988,659,nose
images/0054.jpg,71,488,92,510,eye
images/0054.jpg,127,491,148,513,eye
images/0054.jpg,301,470,322,492,eye
images/0054.jpg,352,473,373,495,eye
images/0054.jpg,672,451,693,473,eye
images/0054.jpg,736,453,757,475,eye
images/0054.jpg,911,514,932,536,eye
images/0054.jpg,983,517,1004,539,eye
images/0054.jpg,972,383,1007,481,ear
images/0054.jpg,909,382,949,480,ear
images/0054.jpg,732,326,768,410,ear
images/0054.jpg,659,324,704,414,ear
images/0054.jpg,344,362,379,444,ear
images/0054.jpg,296,356,331,438,ear
images/0054.jpg,118,388,149,455,ear
images/0054.jpg,66,387,99,457,ear
images/0054.jpg,64,633,103,799,leg
images/0054.jpg,119,653,159,801,leg
images/0054.jpg,319,623,359,800,leg
images/0054.jpg,376,629,410,802,leg
images/0054.jpg,684,655,718,828,leg
images/0054.jpg,732,659,766,863,leg
images/0054.jpg,760,678,794,825,leg
images/0054.jpg,793,657,856,850,leg
images/0054.jpg,920,683,987,888,leg
images/0054.jpg,1021,685,1067,889,leg
images/0054.jpg,1125,689,1180,873,leg
images/0054.jpg,1173,660,1215,870,leg
images/0055.jpg,148,245,195,320,head
images/0055.jpg,137,329,172,382,leg
images/0055.jpg,108,326,139,381,leg
images/0055.jpg,60,321,99,388,leg
images/0055.jpg,539,169,571,285,tail
images/0055.jpg,304,231,351,372,leg
images/0055.jpg,491,225,570,379,leg
images/0055.jpg,195,45,271,207,head
images/0055.jpg,193,172,232,206,nose
images/0055.jpg,213,120,230,138,eye
images/0055.jpg,232,49,269,98,ear
images/0055.jpg,207,47,240,98,ear
images/0055.jpg,180,298,194,318,nose
images/0055.jpg,151,246,175,272,ear
images/0056.jpg,777,4,872,162,ear
images/0056.jpg,927,8,1022,186,ear
images/0056.jpg,768,8,1010,595,head
images/0056.jpg,201,473,255,710,tail
images/0056.jpg,534,599,637,800,leg
images/0056.jpg,677,598,780,799,leg
images/0056.jpg,229,546,313,793,leg
images/0057.jpg,165,29,420,646,head
images/0057.jpg,211,331,258,399,ear
images/0057.jpg,351,328,398,396,ear
images/0057.jpg,263,531,380,644,nose
images/0057.jpg,168,29,275,273,ear
images/0057.jpg,324,48,423,275,ear
images/0058.jpg,428,7,543,244,head
images/0058.jpg,466,183,517,242,nose
images/0058.jpg,439,121,474,146,eye
images/0058.jpg,437,9,462,82,ear
images/0058.jpg,482,13,542,82,ear
images/0058.jpg,335,235,363,375,leg
images/0058.jpg,306,233,339,393,leg
images/0058.jpg,129,193,190,346,leg
images/0058.jpg,98,179,145,363,leg
images/0058.jpg,80,149,112,277,tail
images/0059.jpg,619,340,653,457,tail
images/0059.jpg,59,104,237,452,head
images/0059.jpg,106,389,176,451,nose
images/0059.jpg,172,264,209,295,eye
images/0059.jpg,96,261,126,292,eye
images/0059.jpg,169,108,220,219,ear
images/0059.jpg,58,105,139,208,ear
images/0059.jpg,332,446,397,645,leg
images/0059.jpg,502,389,585,603,leg
images/0059.jpg,551,376,630,617,leg
images/0060.jpg,539,19,782,283,head
images/0060.jpg,662,209,732,280,nose
images/0060.jpg,642,132,666,161,eye
images/0060.jpg,710,130,734,159,eye
images/0060.jpg,541,25,650,97,ear
images/0060.jpg,694,19,781,81,ear
images/0060.jpg,448,302,538,554,leg
images/0060.jpg,121,291,210,562,leg
images/0060.jpg,101,304,139,523,leg
images/0060.jpg,59,194,104,330,tail
images/0061.jpg,1367,479,1529,587,tail
images/0061.jpg,70,312,508,687,head
images/0061.jpg,556,9,932,722,head
images/0061.jpg,816,284,1093,644,head
images/0061.jpg,340,321,512,414,ear
images/0061.jpg,157,310,329,382,ear
images/0061.jpg,553,12,707,292,ear
images/0061.jpg,781,46,931,296,ear
images/0061.jpg,956,315,1094,380,ear
images/0061.jpg,827,292,893,354,ear
images/0061.jpg,679,590,836,721,nose
images/0061.jpg,863,525,975,639,nose
images/0061.jpg,69,560,202,695,nose
images/0061.jpg,640,364,696,426,eye
images/0061.jpg,814,379,845,429,eye
images/0061.jpg,851,387,882,421,eye
images/0061.jpg,962,393,1004,442,eye
images/0061.jpg,938,671,989,897,leg
images/0061.jpg,850,671,901,897,leg
images/0061.jpg,738,728,789,897,leg
images/0061.jpg,651,687,702,898,leg
images/0061.jpg,542,656,578,773,leg
images/0061.jpg,486,686,535,896,leg
images/0061.jpg,401,684,468,897,leg
images/0061.jpg,1434,612,1543,848,leg
images/0062.jpg,917,308,980,641,tail
images/0062.jpg,229,0,372,343,head
images/0062.jpg,437,404,526,732,leg
images/0062.jpg,524,517,567,689,leg
images/0062.jpg,885,511,1026,798,leg
images/0062.jpg,705,500,868,796,leg
images/0062.jpg,235,276,300,343,nose
images/0062.jpg,320,157,351,186,eye
images/0062.jpg,232,139,260,168,eye
images/0062.jpg,239,0,299,85,ear
images/0062.jpg,320,0,372,85,ear
images/0063.jpg,108,32,159,123,head
images/0063.jpg,116,92,136,106,nose
images/0063.jpg,156,122,170,173,leg
images/0063.jpg,175,114,187,142,leg
images/0063.jpg,189,105,201,141,leg
images/0063.jpg,134,72,142,78,eye
images/0063.jpg,117,71,125,77,eye
images/0063.jpg,107,31,128,62,ear
images/0063.jpg,137,32,160,67,ear
images/0064.jpg,1410,489,1519,723,tail
images/0064.jpg,607,72,838,530,head
images/0064.jpg,684,290,763,345,eye
images/0064.jpg,608,415,708,528,nose
images/0064.jpg,727,81,791,253,ear
images/0064.jpg,626,73,719,213,ear
images/0064.jpg,1229,635,1369,1059,leg
images/0064.jpg,1349,653,1469,1091,leg
images/0064.jpg,812,505,998,707,leg
images/0064.jpg,716,481,875,683,leg
images/0065.jpg,72,337,168,580,head
images/0065.jpg,679,145,823,426,head
images/0065.jpg,733,361,789,422,nose
images/0065.jpg,704,280,736,309,eye
images/0065.jpg,780,284,804,309,eye
images/0065.jpg,676,152,740,248,ear
images/0065.jpg,759,152,823,248,ear
images/0065.jpg,505,439,570,703,leg
images/0065.jpg,167,448,284,705,leg
images/0066.jpg,64,143,99,378,tail
images/0066.jpg,337,256,418,445,leg
images/0066.jpg,440,245,524,430,leg
images/0066.jpg,132,232,205,443,leg
images/0066.jpg,89,231,149,444,leg
images/0066.jpg,552,183,700,430,head
images/0066.jpg,617,373,686,422,nose
images/0066.jpg,616,316,664,348,eye
images/0066.jpg,653,187,704,244,ear
images/0066.jpg,623,216,680,279,ear
images/0067.jpg,425,113,617,510,head
images/0067.jpg,607,172,804,505,head
images/0067.jpg,520,115,609,258,ear
images/0067.jpg,605,175,694,230,ear
images/0067.jpg,736,183,812,258,ear
images/0067.jpg,688,299,736,335,eye
images/0067.jpg,547,315,586,351,eye
images/0067.jpg,617,385,690,493,nose
images/0067.jpg,536,436,609,507,nose
images/0067.jpg,1000,227,1088,548,leg
images/0067.jpg,131,271,219,612,leg
images/0067.jpg,52,299,132,610,leg
images/0068.jpg,239,73,248,129,tail
images/0068.jpg,213,103,245,178,leg
images/0068.jpg,134,101,153,169,leg
images/0068.jpg,70,98,81,154,leg
images/0068.jpg,54,98,67,154,leg
images/0068.jpg,30,19,65,85,head
images/0068.jpg,63,17,103,93,head
images/0068.jpg,33,69,48,85,nose
images/0068.jpg,72,79,93,95,nose
images/0068.jpg,44,48,54,58,eye
images/0068.jpg,84,55,94,65,eye
images/0068.jpg,31,20,45,37,ear
images/0068.jpg,43,20,58,38,ear
images/0068.jpg,62,19,78,43,ear
images/0068.jpg,74,17,88,41,ear
images/0069.jpg,91,10,133,79,head
images/0069.jpg,111,44,119,50,eye
images/0069.jpg,116,65,132,78,nose
images/0069.jpg,92,14,113,37,ear
images/0069.jpg,119,12,134,33,ear
images/0069.jpg,46,71,57,141,leg
images/0069.jpg,61,89,72,140,leg
images/0069.jpg,87,92,98,154,leg
images/0069.jpg,99,87,110,149,leg
images/0070.jpg,46,73,60,100,tail
images/0070.jpg,96,89,116,162,leg
images/0070.jpg,117,90,133,163,leg
images/0070.jpg,66,93,83,156,leg
images/0070.jpg,57,81,66,157,leg
images/0070.jpg,210,109,219,163,leg
images/0070.jpg,176,118,183,164,leg
images/0070.jpg,193,116,200,165,leg
images/0071.jpg,174,106,196,160,tail
images/0071.jpg,23,2,93,138,head
images/0071.jpg,55,73,73,91,eye
images/0071.jpg,62,107,92,138,nose
images/0071.jpg,37,2,64,59,ear
images/0071.jpg,51,23,72,58,ear
images/0072.jpg,271,43,377,277,head
images/0072.jpg,299,225,352,276,nose
images/0072.jpg,339,155,354,177,eye
images/0072.jpg,292,162,311,179,eye
images/0072.jpg,323,42,359,135,ear
images/0072.jpg,273,52,317,133,ear
images/0072.jpg,413,281,458,456,leg
images/0072.jpg,396,307,430,441,leg
images/0072.jpg,542,277,576,417,leg
images/0072.jpg,576,256,603,422,leg
images/0073.jpg,60,279,121,563,tail
images/0073.jpg,960,42,1157,464,head
images/0073.jpg,990,58,1050,182,ear
images/0073.jpg,1073,44,1156,174,ear
images/0073.jpg,1005,243,1059,293,eye
images/0073.jpg,1044,361,1130,453,nose
images/0073.jpg,685,484,769,803,leg
images/0073.jpg,659,475,708,783,leg
images/0073.jpg,161,551,259,803,leg
images/0073.jpg,64,438,232,824,leg
images/0074.jpg,665,115,881,303,head
images/0074.jpg,66,332,215,575,tail
images/0074.jpg,155,429,325,765,leg
images/0074.jpg,236,474,337,772,leg
images/0074.jpg,556,497,613,772,leg
images/0074.jpg,595,451,652,780,leg
images/0074.jpg,669,116,750,179,ear
images/0074.jpg,774,180,812,199,eye
images/0074.jpg,834,196,877,286,nose
images/0075.jpg,150,752,300,1080,tail
images/0075.jpg,1126,251,1483,771,head
images/0075.jpg,1367,615,1481,762,nose
images/0075.jpg,1286,507,1355,567,eye
images/0075.jpg,1147,289,1247,476,ear
images/0075.jpg,1180,249,1284,392,ear
images/0075.jpg,972,885,1199,1417,leg
images/0075.jpg,852,1024,973,1377,leg
images/0075.jpg,393,939,593,1421,leg
images/0075.jpg,297,972,453,1348,leg
images/0076.jpg,250,164,277,280,tail
images/0076.jpg,523,65,627,238,head
images/0076.jpg,578,159,608,186,eye
images/0076.jpg,599,201,630,237,nose
images/0076.jpg,529,82,572,142,ear
images/0076.jpg,573,63,604,123,ear
images/0076.jpg,81,187,112,247,ear
images/0076.jpg,9,169,69,233,ear
images/0076.jpg,8,168,149,405,head
images/0076.jpg,28,363,98,404,nose
images/0076.jpg,66,300,90,327,eye
images/0076.jpg,457,258,508,404,leg
images/0076.jpg,416,266,460,412,leg
images/0076.jpg,296,241,367,418,leg
images/0076.jpg,165,219,224,407,leg
images/0076.jpg,141,234,182,325,leg
images/0077.jpg,457,208,487,312,tail
images/0077.jpg,181,115,246,241,head
images/0077.jpg,413,251,460,373,leg
images/0077.jpg,282,247,307,369,leg
images/0077.jpg,224,115,242,154,ear
images/0077.jpg,184,116,214,156,ear
images/0077.jpg,195,168,209,182,eye
images/0077.jpg,226,167,237,181,eye
images/0077.jpg,201,207,234,240,nose
images/0078.jpg,537,147,686,397,head
images/0078.jpg,1091,70,1240,342,head
images/0078.jpg,1315,31,1464,312,head
images/0078.jpg,1766,45,1904,330,head
images/0078.jpg,103,376,151,509,tail
images/0078.jpg,755,406,792,510,tail
images/0078.jpg,361,505,425,751,leg
images/0078.jpg,103,454,176,726,leg
images/0078.jpg,756,433,847,756,leg
images/0078.jpg,822,432,947,755,leg
images/0078.jpg,1014,435,1077,758,leg
images/0078.jpg,1089,452,1188,755,leg
images/0078.jpg,1282,426,1399,748,leg
images/0078.jpg,1400,438,1461,760,leg
images/0078.jpg,1466,426,1559,731,leg
images/0078.jpg,1554,378,1644,736,leg
images/0078.jpg,1696,461,1755,717,leg
images/0078.jpg,1643,442,1687,749,leg
images/0078.jpg,1763,448,1822,760,leg
images/0078.jpg,1821,465,1866,763,leg
images/0078.jpg,615,325,686,400,nose
images/0078.jpg,1160,277,1223,345,nose
images/0078.jpg,1391,250,1448,305,nose
images/0078.jpg,1823,272,1880,327,nose
images/0078.jpg,591,274,628,301,eye
images/0078.jpg,1135,225,1162,252,eye
images/0078.jpg,1351,190,1378,217,eye
images/0078.jpg,1802,202,1829,229,eye
images/0078.jpg,1868,196,1895,223,eye
images/0078.jpg,540,146,584,236,ear
images/0078.jpg,1093,70,1157,187,ear
images/0078.jpg,1179,75,1243,192,ear
images/0078.jpg,1312,32,1376,149,ear
images/0078.jpg,1394,33,1458,150,ear
images/0078.jpg,1773,54,1834,153,ear
images/0078.jpg,1844,43,1905,150,ear
images/0079.jpg,334,218,392,354,tail
images/0079.jpg,470,228,493,316,tail
images/0079.jpg,38,172,110,279,head
images/0079.jpg,698,133,770,261,head
images/0079.jpg,41,248,70,274,nose
images/0079.jpg,737,225,766,257,nose
images/0079.jpg,52,211,66,227,eye
images/0079.jpg,733,196,747,212,eye
images/0079.jpg,636,277,673,399,leg
images/0079.jpg,628,277,653,399,leg
images/0079.jpg,504,277,541,398,leg
images/0079.jpg,483,278,520,399,leg
images/0079.jpg,294,282,336,396,leg
images/0079.jpg,162,288,191,399,leg
images/0079.jpg,180,288,209,399,leg
images/0079.jpg,80,178,100,200,ear
images/0079.jpg,725,133,754,178,ear
images/0079.jpg,745,133,774,178,ear
images/0080.jpg,163,459,310,571,nose
images/0080.jpg,276,281,340,332,eye
images/0080.jpg,247,40,368,214,ear
images/0080.jpg,148,54,281,194,ear
images/0081.jpg,586,532,810,798,nose
images/0081.jpg,583,280,655,347,eye
images/0081.jpg,806,363,856,418,eye
images/0081.jpg,783,7,986,279,ear
images/0081.jpg,567,0,724,198,ear
images/0081.jpg,499,1,980,799,head
images/0082.jpg,98,122,142,167,nose
images/0082.jpg,100,12,171,167,head
images/0082.jpg,153,54,167,76,eye
images/0082.jpg,101,53,114,74,eye
images/0082.jpg,158,1,227,42,ear
images/0082.jpg,96,1,131,33,ear
images/0082.jpg,180,117,195,182,leg
images/0082.jpg,162,133,177,182,leg
images/0082.jpg,180,117,195,182,leg
images/0082.jpg,137,126,152,182,leg
images/0082.jpg,148,133,161,182,leg
images/0083.jpg,707,4,1014,561,head
images/0083.jpg,851,413,996,560,nose
images/0083.jpg,807,263,871,331,eye
images/0083.jpg,951,259,996,327,eye
images/0083.jpg,717,7,834,196,ear
images/0083.jpg,896,11,1019,184,ear
images/0084.jpg,51,182,106,226,nose
images/0084.jpg,36,112,51,129,eye
images/0084.jpg,96,110,111,127,eye
images/0084.jpg,33,8,63,82,ear
images/0084.jpg,82,12,118,86,ear
images/0085.jpg,209,69,464,582,head
images/0085.jpg,324,288,388,348,eye
images/0085.jpg,212,439,340,575,nose
images/0085.jpg,405,153,606,252,ear
images/0085.jpg,236,83,311,180,ear
images/0085.jpg,593,469,697,796,leg
images/0085.jpg,528,489,597,796,leg
images/0085.jpg,832,387,916,679,leg
images/0086.jpg,575,363,664,435,nose
images/0086.jpg,561,220,588,253,eye
images/0086.jpg,662,221,689,254,eye
images/0086.jpg,529,1,605,140,ear
images/0086.jpg,664,11,755,146,ear
images/0086.jpg,816,409,928,766,leg
images/0086.jpg,736,419,816,747,leg
images/0086.jpg,965,348,1037,703,leg
images/0086.jpg,919,397,991,688,leg
images/0087.jpg,160,18,242,147,head
images/0087.jpg,88,16,158,145,head
images/0087.jpg,2,1,90,147,head
images/0087.jpg,8,108,53,147,nose
images/0087.jpg,90,99,129,145,nose
images/0087.jpg,162,99,203,145,nose
images/0087.jpg,200,68,214,81,eye
images/0087.jpg,160,67,172,80,eye
images/0087.jpg,132,76,144,89,eye
images/0087.jpg,91,70,103,83,eye
images/0087.jpg,56,64,68,77,eye
images/0087.jpg,60,3,89,47,ear
images/0087.jpg,4,0,33,44,ear
images/0087.jpg,98,10,116,47,ear
images/0087.jpg,136,18,156,45,ear
images/0087.jpg,162,22,179,45,ear
images/0087.jpg,201,18,241,45,ear
images/0088.jpg,1135,5,1294,337,head
images/0088.jpg,503,45,662,450,head
images/0088.jpg,557,364,640,445,nose
images/0088.jpg,1212,252,1295,333,nose
images/0088.jpg,1201,160,1252,195,eye
images/0088.jpg,528,239,560,274,eye
images/0088.jpg,617,231,649,266,eye
images/0088.jpg,609,51,658,160,ear
images/0088.jpg,503,63,564,174,ear
images/0088.jpg,1171,4,1228,115,ear
images/0088.jpg,1236,9,1284,109,ear
images/0088.jpg,993,343,1036,579,leg
images/0088.jpg,745,273,788,520,leg
images/0088.jpg,803,301,890,513,leg
images/0088.jpg,467,475,535,738,leg
images/0088.jpg,536,477,592,721,leg
images/0088.jpg,292,435,331,624,leg
images/0088.jpg,379,460,434,624,leg
images/0089.jpg,572,307,647,451,head
images/0089.jpg,180,124,291,383,head
images/0089.jpg,193,326,244,379,nose
images/0089.jpg,586,418,621,450,nose
images/0089.jpg,251,259,271,281,eye
images/0089.jpg,190,253,205,273,eye
images/0089.jpg,585,377,596,394,eye
images/0089.jpg,587,309,607,355,ear
images/0089.jpg,616,312,646,355,ear
images/0089.jpg,255,132,294,231,ear
images/0089.jpg,183,126,231,215,ear
images/0089.jpg,436,369,464,462,leg
images/0089.jpg,474,394,509,475,leg
images/0089.jpg,518,417,564,532,leg
images/0089.jpg,69,351,100,516,leg
images/0089.jpg,121,403,161,530,leg
images/0089.jpg,213,418,270,620,leg
images/0090.jpg,271,258,369,610,tail
images/0090.jpg,715,531,783,731,leg
images/0090.jpg,781,526,849,726,leg
images/0090.jpg,932,435,1126,782,head
images/0090.jpg,1038,614,1073,654,eye
images/0090.jpg,1052,453,1127,555,ear
images/0090.jpg,1043,439,1098,501,ear
images/0090.jpg,371,442,478,678,leg
images/0090.jpg,326,423,400,625,leg
images/0091.jpg,870,65,1213,859,head
images/0091.jpg,919,419,1018,505,eye
images/0091.jpg,1136,417,1191,479,eye
images/0091.jpg,1013,659,1209,855,nose
images/0091.jpg,865,63,990,302,ear
images/0091.jpg,1089,55,1211,248,ear
images/0092.jpg,279,74,696,980,head
images/0092.jpg,1010,649,1253,1244,head
images/0092.jpg,1548,408,1945,1120,head
images/0092.jpg,1677,935,1880,1118,nose
images/0092.jpg,1014,1077,1165,1224,nose
images/0092.jpg,289,775,532,978,nose
images/0092.jpg,552,516,615,602,eye
images/0092.jpg,310,452,373,538,eye
images/0092.jpg,1010,926,1051,991,eye
images/0092.jpg,1145,935,1186,1000,eye
images/0092.jpg,1600,717,1661,805,eye
images/0092.jpg,1812,717,1855,785,eye
images/0092.jpg,1767,406,1934,631,ear
images/0092.jpg,1544,408,1645,633,ear
images/0092.jpg,1017,651,1107,852,ear
images/0092.jpg,1140,658,1253,861,ear
images/0092.jpg,349,74,489,349,ear
images/0092.jpg,541,147,697,404,ear
images/0092.jpg,500,1064,637,1488,leg
images/0092.jpg,313,1080,460,1497,leg
images/0092.jpg,667,1219,741,1487,leg
images/0092.jpg,748,1217,822,1485,leg
images/0092.jpg,1186,1316,1260,1490,leg
images/0092.jpg,1267,1314,1341,1488,leg
images/0092.jpg,1393,1339,1458,1488,leg
images/0092.jpg,1501,1276,1607,1472,leg
images/0093.jpg,2495,56,3190,1390,head
images/0093.jpg,2058,1828,2445,3303,leg
images/0093.jpg,2389,2018,2703,3252,leg
images/0093.jpg,723,1822,998,3100,leg
images/0093.jpg,925,1895,1233,3005,leg
images/0093.jpg,667,1525,785,2271,tail
images/0093.jpg,2831,964,3156,1356,nose
images/0093.jpg,2714,768,2871,886,eye
images/0093.jpg,3073,729,3168,847,eye
images/0093.jpg,2478,101,2803,589,ear
images/0093.jpg,2972,34,3185,522,ear
images/0094.jpg,1175,395,1238,698,tail
images/0094.jpg,257,96,450,481,head
images/0094.jpg,255,365,328,482,nose
images/0094.jpg,315,271,358,308,eye
images/0094.jpg,303,95,410,230,ear
images/0094.jpg,680,501,751,741,leg
images/0094.jpg,639,555,675,742,leg
images/0094.jpg,1095,484,1171,745,leg
images/0095.jpg,1489,688,1595,1034,tail
images/0095.jpg,159,378,424,885,head
images/0095.jpg,245,601,332,671,eye
images/0095.jpg,144,741,276,888,nose
images/0095.jpg,303,387,375,541,ear
images/0095.jpg,204,375,305,543,ear
images/0095.jpg,777,945,979,1436,leg
images/0095.jpg,575,1010,758,1419,leg
images/0095.jpg,1174,902,1402,1436,leg
images/0095.jpg,1371,907,1510,1441,leg
images/0096.jpg,627,26,726,257,head
images/0096.jpg,649,31,696,106,ear
images/0096.jpg,667,32,714,110,ear
images/0096.jpg,664,141,688,163,eye
images/0096.jpg,669,193,724,255,nose
images/0096.jpg,500,268,562,518,leg
images/0096.jpg,182,293,300,544,leg
images/0096.jpg,136,344,190,548,leg
images/0096.jpg,160,185,209,336,tail
images/0097.jpg,301,216,356,434,leg
images/0097.jpg,363,237,410,411,leg
images/0097.jpg,84,226,143,404,leg
images/0097.jpg,43,135,64,234,tail
images/0097.jpg,439,6,575,253,head
images/0097.jpg,511,186,569,253,nose
images/0097.jpg,490,107,528,139,eye
images/0097.jpg,442,9,505,64,ear
images/0097.jpg,535,6,579,61,ear
images/0098.jpg,355,219,427,359,leg
images/0098.jpg,234,227,282,349,leg
images/0098.jpg,424,187,452,264,tail
images/0098.jpg,147,39,213,186,head
images/0098.jpg,151,143,184,186,nose
images/0098.jpg,149,37,173,80,ear
images/0098.jpg,189,46,213,89,ear
images/0099.jpg,993,402,1064,659,tail
images/0099.jpg,578,552,675,906,leg
images/0099.jpg,513,558,571,875,leg
images/0099.jpg,918,421,1036,839,leg
images/0099.jpg,282,78,532,564,head
images/0099.jpg,337,324,391,382,eye
images/0099.jpg,353,454,488,567,nose
images/0099.jpg,283,81,374,239,ear
images/0099.jpg,438,84,524,232,ear
images/0100.jpg,233,351,289,656,tail
images/0100.jpg,808,21,1009,380,head
images/0100.jpg,879,277,980,385,nose
images/0100.jpg,860,192,905,247,eye
images/0100.jpg,961,195,993,243,eye
images/0100.jpg,811,24,890,127,ear
images/0100.jpg,936,36,1013,137,ear
images/0100.jpg,695,483,758,807,leg
images/0100.jpg,611,528,696,803,leg
images/0100.jpg,252,421,420,792,leg
